{
  "compiler": "node-ts",
  "component": "Select",
  "runs": [
    1563.689375,
    1201.7872080000002,
    1222.3274579999998,
    1203.2948749999996,
    1204.6584169999996
  ],
  "runtimeBuildMedianMs": 1204.6584169999996,
  "runtimeBuildP95Ms": 1563.689375,
  "bundleBytes": {
    "vue": 63454,
    "svelte": 46472,
    "solid": 16286
  }
}
